YEAR,CLASS,SCIENTIFIC NAME,COMMON NAME,GLOBAL RANK,STATE RANK,FEDERAL STATUS,STATE STATUS,,,,,,,,,
2003,Fishes,Acipenser fulvescens ,lake sturgeon,G3,SX ,,SP15,,,,,,,,,
2003,Fishes,Acipenser oxyrinchus desotoi  ,Gulf sturgeon,G3T2, S1, LT,SP15,,,,,,,,,
2003,Fishes,Scaphirhynchus platorynchus,shovelnose sturgeon,G4, SX,,SP15,,,,,,,,,
2003,Fishes,Scaphirhynchus suttkusi,Alabama sturgeon,G1,S1,LE,SP15,,,,,,,,,
2003,Fishes,Polyodon spathula,paddlefish,G4,S3,,SP16,,,,,,,,,
2003,Fishes,Fundulus auroguttatus,banded topminnow,G4,S2,,,,,,,,,,,
2003,Fishes,Fundulus bifax,stippled studfish,G2G3,S2,,,,,,,,,,,
2003,Fishes,Fundulus blairae,lowland topminnow,G4,S2,,,,,,,,,,,
2003,Fishes,Fundulus catenatus,northern studfish,G5,S3S4,,,,,,,,,,,
2003,Fishes,Fundulus chrysotus,golden topminnow,G5,S3,,,,,,,,,,,
2003,Fishes,Fundulus dispar,starhead topminnow,G4,S2,,,,,,,,,,,
2003,Fishes,Fundulus escambiae,russetfin topminnow,G4,S3,,,,,,,,,,,
2003,Fishes,Fundulus jenkinsi,saltmarsh topminnow,G2,S1,,,,,,,,,,,
2003,Fishes,Fundulus notatus,blackstripe topminnow,G5,S3,,,,,,,,,,,
2003,Fishes,Fundulus notti,bayou topminnow,G5,S3,,,,,,,,,,,
2003,Fishes,Leptolucania ommata,pygmy killifish,G5,S1,,,,,,,,,,,
2003,Fishes,Lucania goodei,bluefin killifish,G5,S1,,,,,,,,,,,
2003,Fishes,Lucania parva,rainwater killifish,G5,S3,,,,,,,,,,,
2003,Fishes,Heterandria formosa ,least killifish,G5,S3,,,,,,,,,,,
2003,Fishes,Alosa alabamae,Alabama shad,G3,S2,,SP,,,,,,,,,
2003,Fishes,Carpiodes carpio,river carpsucker,G5,S2,,,,,,,,,,,
2003,Fishes,Cycleptus elongatus,blue sucker,G3,S2S3,,,,,,,,,,,
2003,Fishes,Cycleptus meridionalis,southeastern blue sucker,G3,S3,,,,,,,,,,,
2003,Fishes,Ictiobus cyprinellus,bigmouth buffalo,G5,S2S3,,,,,,,,,,,
2003,Fishes,Ictiobus niger,black buffalo,G5,S2S3,,,,,,,,,,,
2003,Fishes,Moxostoma anisurum,silver redhorse,G5,S2,,,,,,,,,,,
2003,Fishes,Moxostoma macrolepidotum,shorthead redhorse,G5,S3,,,,,,,,,,,
2003,Fishes,Moxostoma sp 1,Apalachicola redhorse,G3,S2,,,,,,,,,,,
2003,Fishes,Scartomyzon lachneri,greater jumprock,G4,S3,,,,,,,,,,,
2003,Fishes,Campostoma pauciradii,bluefin stoneroller,G4,S2,,,,,,,,,,,
2003,Fishes,Cyprinella caerulea,blue shiner,G2,S1,LT,SP,,,,,,,,,
2003,Fishes,Cyprinella callitaenia,bluestripe shiner,G2G3,S2,,,,,,,,,,,
2003,Fishes,Cyprinella gibbsi,Tallapoosa shiner,G4,S3,,,,,,,,,,,
2003,Fishes,Cyprinella monacha,spotfin chub,G2,SH,LT,SP,,,,,,,,,
2003,Fishes,Erimystax dissimilis,streamline chub,G4,S1,,,,,,,,,,,
2003,Fishes,Erimystax insignis,blotched chub,G3G4,S2,,,,,,,,,,,
2003,Fishes,Hemitremia flammea,flame chub,G3,S3,,,,,,,,,,,
2003,Fishes,Hybognathus hayi,cypress minnow,G5,S3,,,,,,,,,,,
2003,Fishes,Hybognathus nuchalis,Mississippi silvery minnow,G5,S4,,,,,,,,,,,
2003,Fishes,Hybopsis amblops,bigeye chub,G5,S3,,,,,,,,,,,
2003,Fishes,Hybopsis lineapunctata,lined chub,G3,S3,,,,,,,,,,,
2003,Fishes,Hybopsis winchelli,clear chub,G5,S3,,,,,,,,,,,
2003,Fishes,Luxilus coccogenis,warpaint shiner,G5,S1,,,,,,,,,,,
2003,Fishes,Luxilus zonistius,bandfin shiner,G4,S3,,,,,,,,,,,
2003,Fishes,Lythrurus fumeus,ribbon shiner,G5,S2,,,,,,,,,,,
2003,Fishes,Lythrurus lirus,mountain shiner,G4,S3,,,,,,,,,,,
2003,Fishes,Lythrurus roseipinnis,cherryfin shiner,G5,S2,,,,,,,,,,,
2003,Fishes,Macrhybopsis hyostoma,shoal chub,G5,S3,,,,,,,,,,,
2003,Fishes,Macrhybopsis sp 2,Florida chub,G3,S3,,,,,,,,,,,
2003,Fishes,Nocomis micropogon,river chub,G5,S2,,,,,,,,,,,
2003,Fishes,Notropis albizonatus,palezone shiner,G2,S1,LE,SP,,,,,,,,,
2003,Fishes,Notropis ariommus,popeye shiner,G3,SX,,,,,,,,,,,
2003,Fishes,Notropis boops,bigeye shiner,G5,S2,,,,,,,,,,,
2003,Fishes,Notropis buchanani,ghost shiner,G5,S2,,,,,,,,,,,
2003,Fishes,Notropis cahabae,Cahaba shiner,G2,S2,LE,SP,,,,,,,,,
2003,Fishes,Notropis chalybaeus,ironcolor shiner,G4,S1,,,,,,,,,,,
2003,Fishes,Notropis cummingsae,dusky shiner,G5,S2,,,,,,,,,,,
2003,Fishes,Notropis harperi,redeye chub,G4,S3,,,,,,,,,,,
2003,Fishes,Notropis hypsilepis,highscale shiner,G3,S2,,,,,,,,,,,
2003,Fishes,Notropis leuciodus,Tennessee shiner,G5,S1,,,,,,,,,,,
2003,Fishes,Notropis maculatus,taillight shiner,G5,S4,,,,,,,,,,,
2003,Fishes,Notropis petersoni,coastal shiner,G5,S2,,,,,,,,,,,
2003,Fishes,Notropis photogenis,silver shiner,G5,S1,,,,,,,,,,,
2003,Fishes,Notropis rubellus,rosyface shiner,G5,S2,,,,,,,,,,,
2003,Fishes,Notropis sp 4,sawfin shiner,G4,S2,,,,,,,,,,,
2003,Fishes,Notropis stramineus,sand shiner,G5,S1,,,,,,,,,,,
2003,Fishes,Notropis telescopus,telescope shiner,G5,S3,,,,,,,,,,,
2003,Fishes,Notropis uranoscopus,skygazer shiner,G3,S2,,,,,,,,,,,
2003,Fishes,Notropis wickliffi,channel shiner,G5,S1,,,,,,,,,,,
2003,Fishes,Phenacobius mirabilis,suckermouth minnow,G5,S1,,,,,,,,,,,
2003,Fishes,Phenacobius uranops,stargazing minnow,G4,S1,,,,,,,,,,,
2003,Fishes,Phoxinus erythrogaster,southern redbelly dace,G5,S3,,,,,,,,,,,
2003,Fishes,Pteronotropis euryzonus,broadstripe shiner,G3,S2,,,,,,,,,,,
2003,Fishes,Pteronotropis signipinnis,flagfin shiner,G5,S3,,,,,,,,,,,
2003,Fishes,Pteronotropis welaka,bluenose shiner,G3G4,S2,,,,,,,,,,,
2003,Fishes,Atractosteus spatula,alligator gar,G3G4,S2,,,,,,,,,,,
2003,Fishes,Lepisosteus platostomus,shortnose gar,G5,SH,,,,,,,,,,,
2003,Fishes,Hiodon alosoides,goldeye,G5,SX,,,,,,,,,,,
2003,Fishes,Hiodon tergisus,mooneye,G5,S3S4,,,,,,,,,,,
2003,Fishes,Elassoma alabamae,spring pygmy sunfish,G1,S1,SP,,,,,,,,,,
2003,Fishes,Elassoma evergladei,Everglades pygmy sunfish,G5,S3,,,,,,,,,,,
2003,Fishes,Enneacanthus gloriosus,bluespotted sunfish,G5,S3,,,,,,,,,,,
2003,Fishes,Enneacanthus obesus,banded sunfish,G5,S1,,,,,,,,,,,
2003,Fishes,Micropterus cataractae,shoal bass,G3,S2,,,,,,,,,,,
2003,Fishes,Ammocrypta vivax,scaly sand darter,G5,S3,,,,,,,,,,,
2003,Fishes,Crystallaria asprella,crystal darter,G3,S3,,SP,,,,,,,,,
2003,Fishes,Etheostoma bellator,warrior darter,G2,S2,,,,,,,,,,,
2003,Fishes,Etheostoma bifascia,Florida sand darter,G4,S3,,,,,,,,,,,
2003,Fishes,Etheostoma blennioides,greenside darter,G5,S3,,,,,,,,,,,
2003,Fishes,Etheostoma blennius,blenny darter,G4,S1,,,,,,,,,,,
2003,Fishes,Etheostoma boschungi,slackwater darter,G1,S2,LT,SP,,,,,,,,,
2003,Fishes,Etheostoma brevirostrum,holiday darter,G2,S1,,SP,,,,,,,,,
2003,Fishes,Etheostoma camurum,bluebreast darter,G4,S1,,,,,,,,,,,
2003,Fishes,Etheostoma chermocki,vermilion darter,G1,S1,LE,SP,,,,,,,,,
2003,Fishes,Etheostoma chuckwachatte,lipstick darter,G2G3,S2,,,,,,,,,,,
2003,Fishes,Etheostoma cinereum,ashy darter,G2G3,SX,,,,,,,,,,,
2003,Fishes,Etheostoma corona,crown darter,G3,S2,,,,,,,,,,,
2003,Fishes,Etheostoma crossopterum,fringed darter,G4,S1,,,,,,,,,,,
2003,Fishes,Etheostoma davisoni,Choctawhatchee darter,G4,S3,,,,,,,,,,,
2003,Fishes,Etheostoma ditrema,coldwater darter,G1G2,S1,,SP,,,,,,,,,
2003,Fishes,Etheostoma douglasi,Tuscaloosa darter,G2,S2,,,,,,,,,,,
2003,Fishes,Etheostoma flabellare,fantail darter,G5,S3,,,,,,,,,,,
2003,Fishes,Etheostoma fusiforme,swamp darter,G5,S3,,,,,,,,,,,
2003,Fishes,Etheostoma histrio,harlequin darter,G5,S3,,,,,,,,,,,
2003,Fishes,Etheostoma jessiae,blueside darter,G4Q,S3,,,,,,,,,,,
2003,Fishes,Etheostoma kennicotti,stripetail darter,G4G5,S3,,,,,,,,,,,
2003,Fishes,Etheostoma lynceum,brighteye darter,G5,S1,,,,,,,,,,,
2003,Fishes,Etheostoma neopterum,lollipop darter,G3,S1,,SP,,,,,,,,,
2003,Fishes,Etheostoma nuchale,watercress darter,G1,S1,LE,SP,,,,,,,,,
2003,Fishes,Etheostoma phytophilum,rush darter,G1,S1,C,,,,,,,,,,
2003,Fishes,Etheostoma rufilineatum,redline darter,G5,S3,,,,,,,,,,,
2003,Fishes,Etheostoma simoterum,snubnose darter,G5,S3,,,,,,,,,,,
2003,Fishes,Etheostoma sp 1,Upper Coosa darter nr. E. ditrema,G1G2Q,S1,,,,,,,,,,,
2003,Fishes,Etheostoma sp 3,Lower Coosa darter nr. E. ditrema,G1G2Q,S1,,,,,,,,,,,
2003,Fishes,Etheostoma tallapoosae,Tallapoosa darter,G4,S3,,,,,,,,,,,
2003,Fishes,Etheostoma trisella,trispot darter,G1,SH,,,,,,,,,,,
2003,Fishes,Etheostoma tuscumbia,Tuscumbia darter,G2,S2,,SP,,,,,,,,,
2003,Fishes,Etheostoma wapiti,boulder darter,G1,S1,LE,SP,,,,,,,,,
2003,Fishes,Etheostoma zonale,banded darter,G5,S2,,,,,,,,,,,
2003,Fishes,Etheostoma zonifer,backwater darter,G3G4,S3,,,,,,,,,,,
2003,Fishes,Etheostoma zonistium,bandfin darter,G4G5,S1,,,,,,,,,,,
2003,Fishes,Perca flavescens,yellow perch,G5,S2,,,,,,,,,,,
2003,Fishes,Percina aurolineata,goldline darter,G2,S1,LT,SP,,,,,,,,,
2003,Fishes,Percina austroperca,southern logperch,G3,S2,,,,,,,,,,,
2003,Fishes,Percina brevicauda,coal darter,G2,S2,,,,,,,,,,,
2003,Fishes,Percina burtoni,blotchside darter,G2,S1,,,,,,,,,,,
2003,Fishes,Percina evides,gilt darter,G4,S2,,,,,,,,,,,
2003,Fishes,Percina lenticula,freckled darter,G2,S2S3,,,,,,,,,,,
2003,Fishes,Percina palmaris,bronze darter,G4,S3,,,,,,,,,,,
2003,Fishes,Percina phoxocephala,slenderhead darter,G5,S1,,,,,,,,,,,
2003,Fishes,Percina shumardi,river darter,G5,S3,,,,,,,,,,,
2003,Fishes,Percina sp 10,Sipsey fork darter,G1Q,S1,,,,,,,,,,,
2003,Fishes,Percina sp 3,muscadine darter,G2Q,S3,,,,,,,,,,,
2003,Fishes,Percina sp 9,bridled darter,G1Q,S1,,,,,,,,,,,
2003,Fishes,Percina suttkusi,Gulf logperch,G5,S3,,,,,,,,,,,
2003,Fishes,Percina tanasi,snail darter,G2G3,S1,LT,SP,,,,,,,,,
2003,Fishes,Stizostedion sp 1,southern walleye,G3,S3,,,,,,,,,,,
2003,Fishes,Speoplatyrhinus poulsoni,Alabama cavefish,G1,S1,LE,SP,,,,,,,,,
2003,Fishes,Typhlichthys subterraneus,southern cavefish,G4,S3,,SP,,,,,,,,,
2003,Fishes,Ichthyomyzon castaneus,chestnut lamprey,G4,S2,,,,,,,,,,,
2003,Fishes,Ichthyomyzon greeleyi,mountain brook lamprey,G3G4,S1,,,,,,,,,,,
2003,Fishes,Lampetra appendix,American brook lamprey,G4,S1,,,,,,,,,,,
2003,Fishes,Cottus bairdi,mottled sculpin,G5,S2,,,,,,,,,,,
2003,Fishes,Cottus paulus,pygmy sculpin,G1,S1,LT,SP,,,,,,,,,
2003,Fishes,Ameiurus brunneus,snail bullhead,G4,S3,,,,,,,,,,,
2003,Fishes,Ameiurus catus,white catfish,G5,S3,,,,,,,,,,,
2003,Fishes,Ameiurus serracanthus,spotted bullhead,G3,S2,,,,,,,,,,,
2003,Fishes,Noturus elegans,elegant madtom,G4,SH,,,,,,,,,,,
2003,Fishes,Noturus eleutherus,mountain madtom,G4,S1,,,,,,,,,,,
2003,Fishes,Noturus exilis,slender madtom,G5,S3,,,,,,,,,,,
2003,Fishes,Noturus flavus,highlands stonecat,G5,S1,,,,,,,,,,,
2003,Fishes,Noturus miurus,brindled madtom,G5,S1,,,,,,,,,,,
2003,Fishes,Noturus munitus,frecklebelly madtom,G3,S2                                 SP,,,,,,,,,,,
2003,Fishes,Noturus nocturnus,freckled madtom,G5,S3,,,,,,,,,,,
2003,Freshwater Mussels,Actinonaias ligamentina,a mucket,G5,S2,,,,,,,,,,,
2003,Freshwater Mussels,Actinonaias pectorosa,pheasantshell,G4,SH,,,,,,,,,,,
2003,Freshwater Mussels,Alasmidonta marginata,elktoe,G4,SH,,,,,,,,,,,
2003,Freshwater Mussels,Alasmidonta triangulata,southern elktoe,G2Q,S?,,,,,,,,,,,
2003,Freshwater Mussels,Alasmidonta undulata,triangle floater,G4,S3,,,,,,,,,,,
2003,Freshwater Mussels,Alasmidonta viridis,slippershell mussel,G4G5,S1,,SP,,,,,,,,,
2003,Freshwater Mussels,Amblema elliottii,Coosa fiveridge,G3,S3?,,,,,,,,,,,
2003,Freshwater Mussels,Amblema plicata,three-ridge,G5,S5,,,,,,,,,,,
2003,Freshwater Mussels,Anodonta heardi,Apalachicola floater,G1,S?,,,,,,,,,,,
2003,Freshwater Mussels,Anodonta suborbiculata,flat floater,G5,S4,,,,,,,,,,,
2003,Freshwater Mussels,Anodontoides radiatus,rayed creekshell,G3,S1S2,,,,,,,,,,,
2003,Freshwater Mussels,Arcidens confragosus,rock-pocketbook,G4,S3,,,,,,,,,,,
2003,Freshwater Mussels,Cyclonaias tuberculata,purple wartyback,G5,S5,,,,,,,,,,,
2003,Freshwater Mussels,Cyprogenia stegaria,fanshell,G1,S1,LE,SP,,,,,,,,,
2003,Freshwater Mussels,Dromus dromas,dromedary pearlymussel,G1,S1,LE-XN21,SP,,,,,,,,,
2003,Freshwater Mussels,Ellipsaria lineolata,butterfly,G4,S3,,,,,,,,,,,
2003,Freshwater Mussels,Elliptio arca,Alabama spike,G3,S2,,,,,,,,,,,
2003,Freshwater Mussels,Elliptio arctata,delicate spike,G4Q,S2,,,,,,,,,,,
2003,Freshwater Mussels,Elliptio chipolaensis,Chipola slabshell,G2Q,S1,LT,SP,,,,,,,,,
2003,Freshwater Mussels,Elliptio complanata,eastern elliptio,G5,S3,,,,,,,,,,,
2003,Freshwater Mussels,Elliptio crassidens,elephant-ear,G5,S5,,,,,,,,,,,
2003,Freshwater Mussels,Elliptio dilatata,spike,G5,S1,,,,,,,,,,,
2003,Freshwater Mussels,Elliptio fraterna,brother spike,G1G2Q,S1,,,,,,,,,,,
2003,Freshwater Mussels,Elliptio icterina,variable spike,G4Q,S4,,,,,,,,,,,
2003,Freshwater Mussels,Elliptio lanceolata,yellow lance,G2G3,S2S3,,,,,,,,,,,
2003,Freshwater Mussels,Elliptio mcmichaeli,fluted elephant-ear,G3,S2,,,,,,,,,,,
2003,Freshwater Mussels,Elliptio nigella,winged spike,GH,SH,,,,,,,,,,,
2003,Freshwater Mussels,Elliptio purpurella,inflated spike,G3,S1,,,,,,,,,,,
2003,Freshwater Mussels,Elliptoideus sloatianus,purple bankclimber,G2,S1,LT,SP,,,,,,,,,
2003,Freshwater Mussels,Epioblasma brevidens,Cumberlandian combshell,G1,S1,LE-XN21,SP,,,,,,,,,
2003,Freshwater Mussels,Epioblasma capsaeformis,oyster mussel,G1,S1,LE-XN21,SP,,,,,,,,,
2003,Freshwater Mussels,Epioblasma florentina florentina,yellow blossom,G1TX,SX,LE-XN21,SP,,,,,,,,,
2003,Freshwater Mussels,Epioblasma florentina walkeri,tan riffleshell,G1T1,SX,LE,,,,,,,,,,
2003,Freshwater Mussels,Epioblasma metastriata,upland combshell,GH,SH,LE,SP,,,,,,,,,
2003,Freshwater Mussels,Epioblasma obliquata obliquata,catspaw,G1T1,SX,LE-XN21,SP,,,,,,,,,
2003,Freshwater Mussels,Epioblasma othcaloogensis,southern acornshell,GHQ,SH,LE,SP,,,,,,,,,
2003,Freshwater Mussels,Epioblasma penita,southern combshell,G1,S1,LE,SP,,,,,,,,,
2003,Freshwater Mussels,Epioblasma torulosa torulosa,tubercled blossom,G2TX,SX,LE-XN21,SP,,,,,,,,,
2003,Freshwater Mussels,Epioblasma triquetra ,snuffbox ,G3 ,S1 ,,,,,,,,,,,
2003,Freshwater Mussels,Epioblasma turgidula,turgid blossom,GH,SX,LE-XN21,SP,,,,,,,,,
2003,Freshwater Mussels,Fusconaia barnesiana,Tennessee pigtoe ,G2G3 ,S1 ,,,,,,,,,,,
2003,Freshwater Mussels,Fusconaia cerina,southern pigtoe,G4G5,S4,,,,,,,,,,,
2003,Freshwater Mussels,Fusconaia cor,shiny pigtoe,G1,S1,LE-XN21,SP,,,,,,,,,
2003,Freshwater Mussels,Fusconaia cuneolus,fine-rayed pigtoe,G1,S1,LE-XN21,SP,,,,,,,,,
2003,Freshwater Mussels,Fusconaia ebena,ebonyshell,G4G5,S5,,,,,,,,,,,
2003,Freshwater Mussels,Fusconaia escambia,narrow pigtoe,G2,S2,,SP,,,,,,,,,
2003,Freshwater Mussels,Fusconaia flava,Wabash pigtoe,G5,S1S2,,,,,,,,,,,
2003,Freshwater Mussels,Fusconaia rotulata,round ebonyshell,G1,S1,,,,,,,,,,,
2003,Freshwater Mussels,Fusconaia subrotunda,long-solid,G3,S1,,,,,,,,,,,
2003,Freshwater Mussels,Fusconaia succissa,purple pigtoe,G3,S3,,,,,,,,,,,
2003,Freshwater Mussels,Glebula rotundata ,round pearlshell ,G4G5 ,S3 ,,,,,,,,,,,
2003,Freshwater Mussels,Hemistena lata,cracking pearlymussel,G1,SX,LE-XN21,SP,,,,,,,,,
2003,Freshwater Mussels,Lampsilis abrupta,pink mucket,G2,S1,LE,SP,,,,,,,,,
2003,Freshwater Mussels,Lampsilis altilis,fine-lined pocketbook,G2,S2,LT,SP,,,,,,,,,
2003,Freshwater Mussels,Lampsilis australis,southern sandshell,G2,S1S2,,SP,,,,,,,,,
2003,Freshwater Mussels,Lampsilis binominata,lined pocketbook,GH,SX,,,,,,,,,,,
2003,Freshwater Mussels,Lampsilis cardium,plain pocketbook,G5,S2S3,,,,,,,,,,,
2003,Freshwater Mussels,Lampsilis fasciola,wavy-rayed lampmussel,G4,S1S2,,,,,,,,,,,
2003,Freshwater Mussels,Lampsilis haddletoni,Haddleton lampmussel,GHQ,SH,,,,,,,,,,,
2003,Freshwater Mussels,Lampsilis hydiana,Louisiana fatmucket,G3G4,S2,,,,,,,,,,,
2003,Freshwater Mussels,Lampsilis ornata,southern pocketbook,G5,S4,,,,,,,,,,,
2003,Freshwater Mussels,Lampsilis ovata,pocketbook,G5,S4,,,,,,,,,,,
2003,Freshwater Mussels,Lampsilis perovalis,orange-nacre mucket,G2,S1,LT,SP,,,,,,,,,
2003,Freshwater Mussels,Lampsilis straminea,rough fatmucket,G5,S2?,,,,,,,,,,,
2003,Freshwater Mussels,Lampsilis straminea claibornensis,southern fatmucket,G5T5,S3,,,,,,,,,,,
2003,Freshwater Mussels,Lampsilis straminea straminea,rough fatmucket,G5T3,S2,,,,,,,,,,,
2003,Freshwater Mussels,Lampsilis subangulata,shiny-rayed pocketbook,G2,S1,LE,SP,,,,,,,,,
2003,Freshwater Mussels,Lampsilis teres ,yellow sandshell ,G5,S5,,,,,,,,,,,
2003,Freshwater Mussels,Lampsilis virescens,Alabama lampmussel,G1,S1,LE-XN21,SP,,,,,,,,,
2003,Freshwater Mussels,Lasmigona complanata,white heelsplitter,G5,S?,,,,,,,,,,,
2003,Freshwater Mussels,Lasmigona complanata alabamensis,Alabama heelsplitter,G5T2T3,S3,,,,,,,,,,,
2003,Freshwater Mussels,Lasmigona complanata complanata,white heelsplitter,G5T5,S3,,,,,,,,,,,
2003,Freshwater Mussels,Lasmigona costata,fluted-shell,G5,S2,,,,,,,,,,,
2003,Freshwater Mussels,Lasmigona holstonia,Tennessee heelsplitter,G3,S1S2,,,,,,,,,,,
2003,Freshwater Mussels,Lasmigona subviridis,green floater,G3,S?,,,,,,,,,,,
2003,Freshwater Mussels,Lemiox rimosus,birdwing pearlymussel,G1,SX,LE,,,,,,,,,,
2003,Freshwater Mussels,Leptodea fragilis,fragile papershell,G5,S5,,,,,,,,,,,
2003,Freshwater Mussels,Leptodea leptodon,scaleshell,G1,SX,PE,,,,,,,,,,
2003,Freshwater Mussels,Lexingtonia dolabelloides,slabside pearlymussel,G2,S1,C,SP,,,,,,,,,
2003,Freshwater Mussels,Ligumia recta,black sandshell,G5,S2,,,,,,,,,,,
2003,Freshwater Mussels,Ligumia subrostrata,pondmussel,G4G5,S3,,,,,,,,,,,
2003,Freshwater Mussels,Medionidus acutissimus,Alabama moccasinshell,G1,S1,LT,SP,,,,,,,,,
2003,Freshwater Mussels,Medionidus conradicus,Cumberland moccasinshell,G3G4,S1,,SP,,,,,,,,,
2003,Freshwater Mussels,Medionidus parvulus,Coosa moccasinshell,G1,S1S2,LE,SP,,,,,,,,,
2003,Freshwater Mussels,Medionidus penicillatus,Gulf moccasinshell,G2,S1S2,LE,SP,,,,,,,,,
2003,Freshwater Mussels,Megalonaias nervosa,washboard,G5,S5,,,,,,,,,,,
2003,Freshwater Mussels,Obliquaria reflexa,threehorn wartyback,G5,S5,,,,,,,,,,,
2003,Freshwater Mussels,Obovaria jacksoniana,southern hickorynut,G1G2,S2,,,,,,,,,,,
2003,Freshwater Mussels,Obovaria olivaria,hickorynut,G4,SH,,,,,,,,,,,
2003,Freshwater Mussels,Obovaria retusa,ring pink,G1,S1,LE,SP,,,,,,,,,
2003,Freshwater Mussels,Obovaria rotulata,round ebonyshell,G1,S1,,,,,,,,,,,
2003,Freshwater Mussels,Obovaria subrotunda,round hickorynut,G4,S2,,,,,,,,,,,
2003,Freshwater Mussels,Obovaria unicolor,Alabama hickorynut,G3,S2,,,,,,,,,,,
2003,Freshwater Mussels,Pegias fabula,little-wing pearlymussel,G1,SX,LE,SP,,,,,,,,,
2003,Freshwater Mussels,Plectomerus dombeyanus,bankclimber,G4,S4,,,,,,,,,,,
2003,Freshwater Mussels,Plethobasus cicatricosus,white wartyback,G1,S1,LE,SP,,,,,,,,,
2003,Freshwater Mussels,Plethobasus cooperianus,orange-foot pimpleback,G1,S1,LE,SP,,,,,,,,,
2003,Freshwater Mussels,Plethobasus cyphyus,sheepnose,G3,S1,,SP,,,,,,,,,
2003,Freshwater Mussels,Pleurobema altum,highnut,GH,SH,,,,,,,,,,,
2003,Freshwater Mussels,Pleurobema avellanum,hazel pigtoe,GH,SH,,,,,,,,,,,
2003,Freshwater Mussels,Pleurobema chattanoogaense,painted clubshell,G1G2,S1 ,C,,,,,,,,,,
2003,Freshwater Mussels,Pleurobema clava,clubshell,G2,SX,LE-XN21,SP,,,,,,,,,
2003,Freshwater Mussels,Pleurobema cordatum,Ohio pigtoe,G3,S2,,,,,,,,,,,
2003,Freshwater Mussels,Pleurobema curtum,black clubshell,G1,S1,LE,SP,,,,,,,,,
2003,Freshwater Mussels,Pleurobema decisum,southern clubshell,G1G2,S1S2,LE,SP,,,,,,,,,
2003,Freshwater Mussels,Pleurobema flavidulum,yellow pigtoe,G1Q,SX,,,,,,,,,,,
2003,Freshwater Mussels,Pleurobema furvum,dark pigtoe,G1,S1,LE,SP,,,,,,,,,
2003,Freshwater Mussels,Pleurobema georgianum,southern pigtoe,G1,S1,LE,SP,,,,,,,,,
2003,Freshwater Mussels,Pleurobema hagleri,brown pigtoe,G1,S1,,,,,,,,,,,
2003,Freshwater Mussels,Pleurobema hanleyianum,Georgia pigtoe,GHQ,SH,C,,,,,,,,,,
2003,Freshwater Mussels,Pleurobema johannis,Alabama pigtoe,GH,SH,,,,,,,,,,,
2003,Freshwater Mussels,Pleurobema marshalli,flat pigtoe,GH,SH,LE,SP,,,,,,,,,
2003,Freshwater Mussels,Pleurobema murrayense,Coosa pigtoe,GH,SH,,,,,,,,,,,
2003,Freshwater Mussels,Pleurobema nucleopsis,longnut,GH,SH,,,,,,,,,,,
2003,Freshwater Mussels,Pleurobema oviforme,Tennessee clubshell,G3,S1,,,,,,,,,,,
2003,Freshwater Mussels,Pleurobema perovatum,ovate clubshell,G1,S1,LE,SP,,,,,,,,,
2003,Freshwater Mussels,Pleurobema plenum,rough pigtoe,G1,S1,LE,SP,,,,,,,,,
2003,Freshwater Mussels,Pleurobema pyriforme,oval pigtoe,G2,S1,LE,SP,,,,,,,,,
2003,Freshwater Mussels,Pleurobema rubellum,warrior pigtoe,GH,SH,,,,,,,,,,,
2003,Freshwater Mussels,Pleurobema rubrum,pyramid pigtoe,G2,S2,,SP,,,,,,,,,
2003,Freshwater Mussels,Pleurobema sintoxia,round pigtoe,G4,S1,,SP,,,,,,,,,
2003,Freshwater Mussels,Pleurobema strodeanum,fuzzy pigtoe,G2,S1S2,,,,,,,,,,,
2003,Freshwater Mussels,Pleurobema taitianum,heavy pigtoe,G1,S1,LE,SP,,,,,,,,,
2003,Freshwater Mussels,Pleurobema troschelianum,Alabama clubshell,G1,SH,C,,,,,,,,,,
2003,Freshwater Mussels,Pleurobema verum,true pigtoe,GH,SH,,,,,,,,,,,
2003,Freshwater Mussels,Potamilus alatus,pink heelsplitter,G5,S5,,,,,,,,,,,
2003,Freshwater Mussels,Potamilus inflatus,inflated heelsplitter,G1,S1,LT,SP,,,,,,,,,
2003,Freshwater Mussels,Potamilus ohiensis,pink papershell,G5,S3,,,,,,,,,,,
2003,Freshwater Mussels,Potamilus purpuratus,bleufer,G5,S5,,,,,,,,,,,
2003,Freshwater Mussels,Ptychobranchus fasciolaris,kidneyshell,G4G5,S1,,,,,,,,,,,
2003,Freshwater Mussels,Ptychobranchus greenii,triangular kidneyshell,G1,S1,LE,SP,,,,,,,,,
2003,Freshwater Mussels,Ptychobranchus jonesi,southern kidneyshell,G1,S1,,SP,,,,,,,,,
2003,Freshwater Mussels,Ptychobranchus subtentum,fluted kidneyshell,G4,SX,C,,,,,,,,,,
2003,Freshwater Mussels,Pyganodon cataract,eastern floater,G5,S3,,,,,,,,,,,
2003,Freshwater Mussels,Pyganodon grandis,giant floater,G5,S5,,,,,,,,,,,
2003,Freshwater Mussels,Quadrula apiculata,southern mapleleaf,G5,S5,,,,,,,,,,,
2003,Freshwater Mussels,Quadrula asperata,Alabama orb,G4,S4,,,,,,,,,,,
2003,Freshwater Mussels,Quadrula cylindrica cylindrica,rabbitsfoot,G3T3,S1,,SP,,,,,,,,,
2003,Freshwater Mussels,Quadrula fragosa,winged mapleleaf,G1,SX,LE-XN21,,,,,,,,,,
2003,Freshwater Mussels,Quadrula intermedia,Cumberland monkeyface,G1,SH,LE,SP,,,,,,,,,
2003,Freshwater Mussels,Quadrula metanevra,monkeyface,G4,S3,,,,,,,,,,,
2003,Freshwater Mussels,Quadrula nodulata,wartyback,G4,S1S2,,,,,,,,,,,
2003,Freshwater Mussels,Quadrula pustulosa,pimpleback,G5,S5,,,,,,,,,,,
2003,Freshwater Mussels,Quadrula quadrula,mapleleaf,G5,S5,,,,,,,,,,,
2003,Freshwater Mussels,Quadrula refulgens,purple pimpleback,G3G4,S?,,,,,,,,,,,
2003,Freshwater Mussels,Quadrula rumphiana,ridged mapleleaf,G3,S3,,,,,,,,,,,
2003,Freshwater Mussels,Quadrula stapes,stirrupshell,GH,SH,LE,SP,,,,,,,,,
2003,Freshwater Mussels,Quincuncina burkei,tapered pigtoe,G2,S1,,,,,,,,,,,
2003,Freshwater Mussels,Quincuncina infucata,sculptured pigtoe,G4,S2,,,,,,,,,,,
2003,Freshwater Mussels,Strophitus connasaugaensis,Alabama creekmussel,G3,S2,,,,,,,,,,,
2003,Freshwater Mussels,Strophitus subvexus,southern creekmussel,G3,S2,,,,,,,,,,,
2003,Freshwater Mussels,Strophitus undulatus,squawfoot,G5,S1,,,,,,,,,,,
2003,Freshwater Mussels,Toxolasma corvunculus,southern lilliput,GH,S1,,,,,,,,,,,
2003,Freshwater Mussels,Toxolasma cylindrellus,pale lilliput,G1,S1,LE,SP,,,,,,,,,
2003,Freshwater Mussels,Toxolasma lividus,purple lilliput,G2,S2,,,,,,,,,,,
2003,Freshwater Mussels,Toxolasma parvus,lilliput,G5,S3,,,,,,,,,,,
2003,Freshwater Mussels,Toxolasma paulus,iridescent lilliput,G4Q,S2,,,,,,,,,,,
2003,Freshwater Mussels,Tritogonia verrucosa,pistolgrip,G4,S4,,,,,,,,,,,
2003,Freshwater Mussels,Truncilla donaciformis,fawnsfoot,G5,S4,,,,,,,,,,,
2003,Freshwater Mussels,Truncilla truncata,deertoe,G5,S1,,,,,,,,,,,
2003,Freshwater Mussels,Uniomerus caroliniana,Florida pondhorn,G4,S3,,,,,,,,,,,
2003,Freshwater Mussels,Uniomerus declivis,tapered pondhorn,G5,S3,,,,,,,,,,,
2003,Freshwater Mussels,Uniomerus tetralasmus,pondhorn,G4,S4,,,,,,,,,,,
2003,Freshwater Mussels,Utterbackia imbecillis,paper pondshell,G5,S5,,,,,,,,,,,
2003,Freshwater Mussels,Utterbackia peggyae,Florida floater,G3,S2,,,,,,,,,,,
2003,Freshwater Mussels,Villosa choctawensis,Choctaw bean,G2,S2,,SP,,,,,,,,,
2003,Freshwater Mussels,Villosa fabalis,rayed bean,G1G2,SX,,,,,,,,,,,
2003,Freshwater Mussels,Villosa iris,rainbow,G5,S3,,,,,,,,,,,
2003,Freshwater Mussels,Villosa lienosa,little spectaclecase,G5,S4,,,,,,,,,,,
2003,Freshwater Mussels,Villosa nebulosa,Alabama rainbow,G3,S3,,,,,,,,,,,
2003,Freshwater Mussels,"Villosa taeniata
Villosa trabalis","painted creekshell
Cumberland bean","G3G4
G1","S3
SX",LE-XN21,,,,,,,,,,
2003,Freshwater Mussels,Villosa vanuxemensis umbrans,Coosa creekshell,G4T2,S2,,,,,,,,,,,
2003,Freshwater Mussels,Villosa vanuxemensis vanuxemensis,mountain creekshell,G4T4,S2S3,,,,,,,,,,,
2003,Freshwater Mussels,Villosa vibex,southern rainbow,G4Q,S4,,,,,,,,,,,
2003,Freshwater Mussels,Villosa villosa,downy rainbow,G3,S?,,,,,,,,,,,
2003,Freshwater Mussels,Cumberlandia monodonta,spectaclecase,G2G3,S1,,SP,,,,,,,,,
2003,Freshwater Mussels,Margaritifera marrianae,Alabama pearlshell,G1,S1S2,C,SP,,,,,,,,,
2003,Freshwater Snails,Carychium nannodes,file thorn,G4G5,S?,,,,,,,,,,,
2003,Freshwater Snails,Campeloma decampi,slender campeloma,G1,S1,LE,SP,,,,,,,,,
2003,Freshwater Snails,Campeloma decisum,pointed campeloma,G5,S5,,,,,,,,,,,
2003,Freshwater Snails,Lioplax cyclostomaformis,cylindrical lioplax,G1,S1,LE,SP,,,,,,,,,
2003,Freshwater Snails,Tulotoma magnifica,Alabama livebearing snail,G1,S1,LE,SP,,,,,,,,,
2003,Freshwater Snails,Ferrissia mcneili,hood ancylid,G2G3,S2,,,,,,,,,,,
2003,Freshwater Snails,Rhodacme elatior,domed ancylid,G1,S1S2,,,,,,,,,,,
2003,Freshwater Snails,Rhodacme filosa,wicker ancylid,GH,S?,,,,,,,,,,,
2003,Freshwater Snails,Rhodacme hinkleyi,knobby ancylid,GU,S2,,,,,,,,,,,
2003,Freshwater Snails,Antrorbis breweri,Manitou snail,G1,S1,,,,,,,,,,,
2003,Freshwater Snails,Lepyrium showalteri,flat pebblesnail,G1,S1,LE,SP,,,,,,,,,
2003,Freshwater Snails,Pyrgulopsis olivacea,olive marstonia,GH,SX,,,,,,,,,,,
2003,Freshwater Snails,Pyrgulopsis pachyta,armored marstonia,G1,S1,LE,SP,,,,,,,,,
2003,Freshwater Snails,Pyrgulopsis scalariformis,moss pyrg,G1,S1,,SP,,,,,,,,,
2003,Freshwater Snails,Somatogyrus aureus,golden pebblesnail,G1,SH,,,,,,,,,,,
2003,Freshwater Snails,Somatogyrus biangulatus,angular pebblesnail,GH,SH,,,,,,,,,,,
2003,Freshwater Snails,Somatogyrus constrictus,knotty pebblesnail,GH,SH,,,,,,,,,,,
2003,Freshwater Snails,Somatogyrus coosaensis,Coosa pebblesnail,GH,SH,,,,,,,,,,,
2003,Freshwater Snails,Somatogyrus crassus,stocky pebblesnail,GH,SH,,,,,,,,,,,
2003,Freshwater Snails,Somatogyrus currierianus,Tennessee pebblesnail,GH,SH,,,,,,,,,,,
2003,Freshwater Snails,Somatogyrus decipiens,hidden pebblesnail,GH,SH,,,,,,,,,,,
2003,Freshwater Snails,Somatogyrus excavatus,ovate pebblesnail,GH,SH,,,,,,,,,,,
2003,Freshwater Snails,Somatogyrus georgianus,Cherokee pebblesnail,GH,SH,,,,,,,,,,,
2003,Freshwater Snails,Somatogyrus hendersoni,fluted pebblesnail,GH,SH,,,,,,,,,,,
2003,Freshwater Snails,Somatogyrus hinkleyi,granite pebblesnail,GU,S?,,,,,,,,,,,
2003,Freshwater Snails,Somatogyrus humerosus,atlas pebblesnail,GH,SH,,,,,,,,,,,
2003,Freshwater Snails,Somatogyrus nanus,dwarf pebblesnail,GH,SH,,,,,,,,,,,
2003,Freshwater Snails,Somatogyrus obtusus,moon pebblesnail,GH,SH,,,,,,,,,,,
2003,Freshwater Snails,Somatogyrus pilsbryanus,Tallapoosa pebblesnail,GU,S?,,,,,,,,,,,
2003,Freshwater Snails,Somatogyrus pygmaeus,pygmy pebblesnail,GH,SH,,,,,,,,,,,
2003,Freshwater Snails,Somatogyrus quadratus,quadrate pebblesnail,GH,SH,,,,,,,,,,,
2003,Freshwater Snails,Somatogyrus sargenti,mud pebblesnail,GH,SH,,,,,,,,,,,
2003,Freshwater Snails,Somatogyrus strengi,rolling pebblesnail,GH,SH,,,,,,,,,,,
2003,Freshwater Snails,Somatogyrus substriatus,Choctaw pebblesnail,GH,SH,,,,,,,,,,,
2003,Freshwater Snails,Somatogyrus tennesseensis,opaque pebblesnail,G1,SH,,,,,,,,,,,
2003,Freshwater Snails,Somatogyrus walkerianus,Gulf Coast pebblesnail,G3,S?,,,,,,,,,,,
2003,Freshwater Snails,Stiobia nana,sculpin snail,G3,S1,,,,,,,,,,,
2003,Freshwater Snails,Athearnia anthonyi,Anthony's river snail,G1T1,S1,LE-XN22,SP,,,,,,,,,
2003,Freshwater Snails,Elimia acuta,acute elimia,G1,S2,,,,,,,,,,,
2003,Freshwater Snails,Elimia alabamensis,mud elimia,G1,S1,,,,,,,,,,,
2003,Freshwater Snails,Elimia albanyensis,black-crest elimia,G5,S?,,,,,,,,,,,
2003,Freshwater Snails,Elimia ampla,ample elimia,G1,S1,,,,,,,,,,,
2003,Freshwater Snails,Elimia annettae,lilyshoals elimia,G1Q,S1,,,,,,,,,,,
2003,Freshwater Snails,Elimia bellacrenata,princess elimia,G1,S1,,,,,,,,,,,
2003,Freshwater Snails,Elimia bellula,walnut elimia,G1,S1,,,,,,,,,,,
2003,Freshwater Snails,Elimia bentoniensis,rusty elimia,G1,S1,,,,,,,,,,,
2003,Freshwater Snails,Elimia boykiniana,flaxen elimia,G3,S?,,,,,,,,,,,
2003,Freshwater Snails,Elimia brevis,short-spire elimia,GH,SH,,,,,,,,,,,
2003,Freshwater Snails,Elimia bullula,snail,G1G2,S1S2,,,,,,,,,,,
2003,Freshwater Snails,Elimia cahawbensis,Cahaba elimia,G2G3,S3,,,,,,,,,,,
2003,Freshwater Snails,Elimia capillaris,spindle elimia,G1,S1,,,,,,,,,,,
2003,Freshwater Snails,Elimia carinicostata,fluted elimia,G5,S3,,,,,,,,,,,
2003,Freshwater Snails,Elimia carinifera,sharp-crest elimia,G5,S3,,,,,,,,,,,
2003,Freshwater Snails,Elimia chiltonensis,prune elimia,G1,S1,,,,,,,,,,,
2003,Freshwater Snails,Elimia clara,riffle elimia,G3,S2S3,,,,,,,,,,,
2003,Freshwater Snails,Elimia clausa,closed elimia,GH,SH,,,,,,,,,,,
2003,Freshwater Snails,Elimia clenchi,slackwater elimia,G1G2,S1S2,,,,,,,,,,,
2003,Freshwater Snails,Elimia cochliaris,cockle elimia,G1,S1,,,,,,,,,,,
2003,Freshwater Snails,Elimia comma,hispid elimia,GU,S?,,,,,,,,,,,
2003,Freshwater Snails,Elimia crenatella,lacey elimia,G1,S1,LT,SP,,,,,,,,,
2003,Freshwater Snails,Elimia curvicostata,graphite elimia,G3G4,S3,,,,,,,,,,,
2003,Freshwater Snails,Elimia cylindracea,cylinder elimia,G1,S1,,,,,,,,,,,
2003,Freshwater Snails,Elimia fascinans,banded elimia,G4,S1,,,,,,,,,,,
2003,Freshwater Snails,Elimia flava,yellow elimia,G4,S?,,,,,,,,,,,
2003,Freshwater Snails,Elimia fusiformis,fusiform elimia,GH,SH,,,,,,,,,,,
2003,Freshwater Snails,Elimia gerhardti,coldwater elimia,G5,S3S4,,,,,,,,,,,
2003,Freshwater Snails,Elimia hartmaniana,high-spired elimia,G2,SH,,,,,,,,,,,
2003,Freshwater Snails,Elimia haysiana,silt elimia,G1,S1,,SP,,,,,,,,,
2003,Freshwater Snails,Elimia hydei,gladiator elimia,G2,S1,,,,,,,,,,,
2003,Freshwater Snails,Elimia impressa,constricted elimia,GH,SH,,,,,,,,,,,
2003,Freshwater Snails,Elimia interveniens,slowwater elimia,G2,S2,,,,,,,,,,,
2003,Freshwater Snails,Elimia jonesi,hearty elimia,GH,SH,,,,,,,,,,,
2003,Freshwater Snails,Elimia laeta,ribbed elimia,GH,SH,,,,,,,,,,,
2003,Freshwater Snails,Elimia macglameriana,Macglamery's Coosa river snail,GH,SH,,,,,,,,,,,
2003,Freshwater Snails,Elimia nassula,round-rib elimia,G1,S1,,,,,,,,,,,
2003,Freshwater Snails,Elimia olivula,caper elimia,G1Q,S1,,,,,,,,,,,
2003,Freshwater Snails,Elimia paupercula,sooty elimia,G4,S4,,,,,,,,,,,
2003,Freshwater Snails,Elimia perstriata,engraved elimia,G1,S1,,,,,,,,,,,
2003,Freshwater Snails,Elimia pilsbryi,rough-lined elimia,GH,SH,,,,,,,,,,,
2003,Freshwater Snails,Elimia pupaeformis,pupa elimia,GH,SH,,,,,,,,,,,
2003,Freshwater Snails,Elimia pupoidea,bot elimia,GHQ,SH,,,,,,,,,,,
2003,Freshwater Snails,Elimia pybasi,spring elimia,GU,S?,,,,,,,,,,,
2003,Freshwater Snails,Elimia pygmaea,pygmy elimia,GH,SH,,,,,,,,,,,
2003,Freshwater Snails,Elimia showalteri,compact elimia,G1Q,S1,,,,,,,,,,,
2003,Freshwater Snails,Elimia vanuxemiana,cobble elimia,GH,SH,,,,,,,,,,,
2003,Freshwater Snails,Elimia varians,puzzle elimia,G1Q,SH,,,,,,,,,,,
2003,Freshwater Snails,Elimia variata,squat elimia,G1Q,S1,,,,,,,,,,,
2003,Freshwater Snails,Io fluvialis,spiny riversnail,G2,SX,,,,,,,,,,,
2003,Freshwater Snails,Leptoxis ampla,round rocksnail,G1G2,S1,LT,SP,,,,,,,,,
2003,Freshwater Snails,Leptoxis clipeata,agate rocksnail,GH,SH,,,,,,,,,,,
2003,Freshwater Snails,Leptoxis compacta,oblong rocksnail,GH,SH,,,,,,,,,,,
2003,Freshwater Snails,Leptoxis crassa crassa,boulder snail,G1TH,SX,,,,,,,,,,,
2003,Freshwater Snails,Leptoxis formosa,maiden rocksnail,GH,SH,,,,,,,,,,,
2003,Freshwater Snails,Leptoxis ligata,rotund rocksnail,GH,SH,,,,,,,,,,,
2003,Freshwater Snails,Leptoxis lirata,lirate rocksnail,GH,SH,,,,,,,,,,,
2003,Freshwater Snails,Leptoxis melanoides,black mudalia,G2,S1,,,,,,,,,,,
2003,Freshwater Snails,Leptoxis minor,knob mudalia,G1,S?,,,,,,,,,,,
2003,Freshwater Snails,Leptoxis occultata,bigmouth rocksnail,GH,SH,,,,,,,,,,,
2003,Freshwater Snails,Leptoxis picta,spotted rocksnail,G1,SH,,SP,,,,,,,,,
2003,Freshwater Snails,Leptoxis plicata,plicate rocksnail,G1,S1,LE,SP,,,,,,,,,
2003,Freshwater Snails,Leptoxis showalterii,Coosa rocksnail,GH,SH,,,,,,,,,,,
2003,Freshwater Snails,Leptoxis taeniata,painted rocksnail,G1,S1,LT,SP,,,,,,,,,
2003,Freshwater Snails,Leptoxis virgata,smooth mudalia,G2,SX,,,,,,,,,,,
2003,Freshwater Snails,Leptoxis vittata,striped rocksnail,GH,SH,,,,,,,,,,,
2003,Freshwater Snails,Lithasia armigera,armored rocksnail,G3G4,S1,,,,,,,,,,,
2003,Freshwater Snails,Lithasia curta,knobby rocksnail,GU,S?,,,,,,,,,,,
2003,Freshwater Snails,Lithasia geniculata,ornate rocksnail,G3G4,S1,,,,,,,,,,,
2003,Freshwater Snails,Lithasia lima,warty rocksnail,G2,S1,,,,,,,,,,,
2003,Freshwater Snails,Lithasia salebrosa,rustic rocksnail,G3G4,S1,,,,,,,,,,,
2003,Freshwater Snails,Lithasia verrucosa,varicose rocksnail,G3G4,S3,,,,,,,,,,,
2003,Freshwater Snails,Pleurocera alveare,rugged hornsnail,G3G4,S?,,,,,,,,,,,
2003,Freshwater Snails,Pleurocera annulifera,ringed hornsnail,G1,S1,,,,,,,,,,,
2003,Freshwater Snails,Pleurocera brumbyi,spiral hornsnail,G1,S1,,,,,,,,,,,
2003,Freshwater Snails,Pleurocera canaliculata,silty hornsnail,G5,S?,,,,,,,,,,,
2003,Freshwater Snails,Pleurocera corpulenta,corpulent hornsnail,G1,S1,,,,,,,,,,,
2003,Freshwater Snails,Pleurocera curta,shortspire hornsnail,G2,S1S2,,,,,,,,,,,
2003,Freshwater Snails,Pleurocera foremani,rough hornsnail,G1Q,S1,,SP,,,,,,,,,
2003,Freshwater Snails,Pleurocera postelli,broken hornsnail,G2,S1S2,,,,,,,,,,,
2003,Freshwater Snails,Pleurocera prasinata,smooth hornsnail,G1Q,S1,,,,,,,,,,,
2003,Freshwater Snails,Pleurocera pyrenella,skirted hornsnail,G2,S2,,,,,,,,,,,
2003,Freshwater Snails,Pleurocera showalteri,upland hornsnail,G4Q,S1,,,,,,,,,,,
2003,Freshwater Snails,Pleurocera trochiformis,sulcate hornsnail,G2,S?,,,,,,,,,,,
2003,Freshwater Snails,"Pleurocera walkeri
ORDER STYLOMMATOPHORA",telescope hornsnail,G1,S1,,,,,,,,,,,
2003,Freshwater Snails,Rabdotus mooreanus,prairie rabdotus,G? ,S?,,,,,,,,,,,
2003,Freshwater Snails,Cionella morseana,Appalachian pillar,G4G5,S?,,,,,,,,,,,
2003,Terrestrial Snails,Anguispira alabama,Alabama disc,G?,S2?,,,,,,,,,,,
2003,Terrestrial Snails,Anguispira alternata,flamed disc,G5,S1S2,,,,,,,,,,,
2003,Terrestrial Snails,Anguispira cumberlandiana,Cumberland disc,G?,S1S2,,,,,,,,,,,
2003,Terrestrial Snails,Anguispira jessica,mountain disc,G3G4,S1S2,,,,,,,,,,,
2003,Terrestrial Snails,Anguispira mordax,Appalachian disc,G4,S?,,,,,,,,,,,
2003,Terrestrial Snails,Discus clappi,channelled disc,G1?,S1,,,,,,,,,,,
2003,Terrestrial Snails,Discus nigrimontanus,black mountain disc,G4,S1?,,,,,,,,,,,
2003,Terrestrial Snails,Dryachloa dauca ,carrot glass,G?,S1,,,,,,,,,,,
2003,Terrestrial Snails,Helicodiscus aldrichianus,burrowing coil,G?,S?,,,,,,,,,,,
2003,Terrestrial Snails,Helicodiscus barri,racoon coil,G3G4,S?,,,,,,,,,,,
2003,Terrestrial Snails,Helicodiscus fimbriatus,fringed coil,G?,S?,,,,,,,,,,,
2003,Terrestrial Snails,Helicodiscus hadenoecus ,cricket coil ,G?,S?,,,,,,,,,,,
2003,Terrestrial Snails,Deroceras laeve ,meadow slug,G4G5,S?,,,,,,,,,,,
2003,Terrestrial Snails,Philomycus sellatus ,Alabama mantleslug ,G?,S1?,,,,,,,,,,,
2003,Terrestrial Snails,"Philomycus togatus
",toga mantleslug,G4G5,S1?,,,,,,,,,,,
2003,Terrestrial Snails,Daedalochila subclausa,Suwannee liptooth,G?,S?,,,,,,,,,,,
2003,Terrestrial Snails,Inflectarius approximans,tight-gapped shagreen,G2G3,S2?,,,,,,,,,,,
2003,Terrestrial Snails,Inflectarius downieanus,dwarf globelet,G?,S?,,,,,,,,,,,
2003,Terrestrial Snails,Inflectarius smithi,Alabama shagreen,G?,S2?,,,,,,,,,,,
2003,Terrestrial Snails,Linisa texasiana,Texas liptooth,G?,S?,,,,,,,,,,,
2003,Terrestrial Snails,Lobosculum pustula,grooved liptooth,G?,S?,,,,,,,,,,,
2003,Terrestrial Snails,Mesodon appressus laevior,a flat bladetooth,G4T3T4,S?,,,,,,,,,,,
2003,Terrestrial Snails,Mesodon clausus trossulus,a land snail,G5T1T3,S1S2,,,,,,,,,,,
2003,Terrestrial Snails,Mesodon normalis,grand globe,G4,S?,,,,,,,,,,,
2003,Terrestrial Snails,Millerelix fatigiata,new harmony liptooth,G?,S1?,,,,,,,,,,,
2003,Terrestrial Snails,Millerelix troostiana,Nashville liptooth,G?,S?,,,,,,,,,,,
2003,Terrestrial Snails,Patera sargentiana,grand bladetooth,G1G2,S1,,,,,,,,,,,
2003,Terrestrial Snails,Polygyra cereolus,southern flatcoil,G?,S?,,,,,,,,,,,
2003,Terrestrial Snails,Polygyra septemvolva,Florida flatcoil,G?,S?,,,,,,,,,,,
2003,Terrestrial Snails,Praticolella mobiliana,Choctaw shrubsnail,G?,S?,,,,,,,,,,,
2003,Terrestrial Snails,Stenotrema calvescens,Chattanooga slitmouth,G?,S?,,,,,,,,,,,
2003,Terrestrial Snails,Stenotrema exodon,Alabama slitmouth,G?,S?,,,,,,,,,,,
2003,Terrestrial Snails,Stenotrema florida,Apalachicola slitmouth,G?,S?,,,,,,,,,,,
2003,Terrestrial Snails,Triodopsis tennesseensis,budded threetooth,G4,S?,,,,,,,,,,,
2003,Terrestrial Snails,Xolotrema fosteri,bladetooth wedge,G?,S?,,,,,,,,,,,
2003,Terrestrial Snails,Punctum smithi,lamellate spot,G4,S?,,,,,,,,,,,
2003,Terrestrial Snails,Punctum vitreum,glass spot,G4G5,S?,,,,,,,,,,,
2003,Terrestrial Snails,Gastrocopta abbreviata,plains snaggletooth,G?,S1,,,,,,,,,,,
2003,Terrestrial Snails,Gastrocopta clappi,bluegrass snaggletooth,G5,S?,,,,,,,,,,,
2003,Terrestrial Snails,Gastrocopta pellucida,slim snaggletooth,G4G5,S1,,,,,,,,,,,
2003,Terrestrial Snails,Gastrocopta procera,wing snaggletooth,G4G5,S?,,,,,,,,,,,
2003,Terrestrial Snails,Gastrocopta riparia,Gulf Coast snaggletooth,G?,S?,,,,,,,,,,,
2003,Terrestrial Snails,Gastrocopta rupicola,tapered snaggletooth,G?,S?,,,,,,,,,,,
2003,Terrestrial Snails,Pupisoma dioscoricola,yam babybody,G?,S?,,,,,,,,,,,
2003,Terrestrial Snails,Vertigo alabamensis,Alabama vertigo,G1G3,S1S2,,,,,,,,,,,
2003,Terrestrial Snails,Vertigo conecuhensis,Conecuh vertigo,G?,S2,,,,,,,,,,,
2003,Terrestrial Snails,Strobilops hubbardi, flattened pinecone ,G?,S?,,,,,,,,,,,
2003,Terrestrial Snails,Catinella aprica,diurnal ambersnail,G?,S2?,,,,,,,,,,,
2003,Terrestrial Snails,Catinella pugilator,weedpatch ambersnail,G?,S1,,,,,,,,,,,
2003,Terrestrial Snails,Succinea forsheyi,spotted ambersnail,G?,S?,,,,,,,,,,,
2003,Terrestrial Snails,Succinea greerii,dryland ambersnail,G?,S?,,,,,,,,,,,
2003,Terrestrial Snails,Succinea indiana,xeric ambersnail,G?,S?,,,,,,,,,,,
2003,Terrestrial Snails,Succinea paralia,saltmarsh ambersnail,G?,S?,,,,,,,,,,,
2003,Terrestrial Snails,Glyphyalinia cumberlandiana,hill glyph,G4,S?,,,,,,,,,,,
2003,Terrestrial Snails,Glyphyalinia latebricola,stone glyph,G?,S?,,,,,,,,,,,
2003,Terrestrial Snails,Glyphyalinia specus,hollow glyph,G4,S?,,,,,,,,,,,
2003,Terrestrial Snails,Mesomphix friabilis,brittle button,G?,S1?,,,,,,,,,,,
2003,Terrestrial Snails,Mesomphix latior,broad button,G?,S2?,,,,,,,,,,,
2003,Terrestrial Snails,Paravitrea bidens,gray supercoil,G1?,S1,,,,,,,,,,,
2003,Terrestrial Snails,Paravitrea multidentata,dentate supercoil,G4G5,S2?,,,,,,,,,,,
2003,Terrestrial Snails,Paravitrea petrophila,Cherokee supercoil,G?,S1,,,,,,,,,,,
2003,Terrestrial Snails,Paravitrea pilsbryana,translucent supercoil,G2G3,S2?,,,,,,,,,,,
2003,Terrestrial Snails,Paravitrea tantilla,teasing supercoil,G?,S1?,,,,,,,,,,,
2003,Terrestrial Snails,Paravitrea tiara,crowned supercoil,G2?,S1?,,,,,,,,,,,
2003,Terrestrial Snails,Paravitrea toma,sharp supercoil,G1G2,S1?,,,,,,,,,,,
2003,Terrestrial Snails,Paravitrea variabilis,variable supercoil,G?,S1?,,,,,,,,,,,
2003,Terrestrial Snails,Ventridens acerra,glossy dome,G4,S?,,,,,,,,,,,
2003,Terrestrial Snails,Ventridens cerinoideus,wax dome,G4,S?,,,,,,,,,,,
2003,Terrestrial Snails,Ventridens collisella,sculptured dome,G4,S?,,,,,,,,,,,
2003,Terrestrial Snails,Ventridens lasmodon,hollow dome,G4,S?,,,,,,,,,,,
2003,Terrestrial Snails,Ventridens lawae,rounded dome,G4,S?,,,,,,,,,,,
2003,Terrestrial Snails,Ventridens monodon,blade dome,G?,S?,,,,,,,,,,,
2003,Terrestrial Snails,Zonitoides elliotti,green dome,G4,S?,,,,,,,,,,,
2003,Terrestrial Snails,Zonitoides lateumbilicatus,striate gloss,G?,S?,,,,,,,,,,,
2003,Terrestrial Snails,Crangonyx antennatus,Appalachian Valley cave amphipod,G3G5,S3S5,,,,,,,,,,,
2003,Terrestrial Snails,Stygobromus alabamensis,a cave obligate amphipod,G4G5,S3,,,,,,,,,,,
2003,Terrestrial Snails,Stygobromus dicksoni,a cave obligate amphipod,G3G4,S3,,,,,,,,,,,
2003,Terrestrial Snails,Stygobromus exilis,central Kentucky cave amphipod,G3G4,S1,,,,,,,,,,,
2003,Terrestrial Snails,Stygobromus inexpectatus,a cave obligate amphipod,G1G2,S1S2,,,,,,,,,,,
2003,Terrestrial Snails,Stygobromus smithi,Alabama well amphipod,G2G3,S1,,,,,,,,,,,
2003,Terrestrial Snails,Stygobromus vitreus,an amphipod,G3G4,S3,,,,,,,,,,,
2003,Crayfish and Shrimp,Palaemonias alabamae,Alabama cave shrimp,G1,S1,LE,SP,,,,,,,,,
2003,Crayfish and Shrimp,Palaemonias sp.1,Tuscumbia cave shrimp,G1,S1,,,,,,,,,,,
2003,Crayfish and Shrimp,Cambarellus diminutus,least crayfish,G3,S3,,,,,,,,,,,
2003,Crayfish and Shrimp,Cambarellus lesliei,a crayfish,G3,S3,,,,,,,,,,,
2003,Crayfish and Shrimp,Cambarellus schmitti,a crayfish,G3,S2S3,,,,,,,,,,,
2003,Crayfish and Shrimp,Cambarus acanthura,a crayfish,G4,S2,,,,,,,,,,,
2003,Crayfish and Shrimp,Cambarus cracens,a crayfish,G1,S1,,,,,,,,,,,
2003,Crayfish and Shrimp,Cambarus englishi,a crayfish,G3,S3,,,,,,,,,,,
2003,Crayfish and Shrimp,Cambarus graysoni,a crayfish,G5,S3,,,,,,,,,,,
2003,Crayfish and Shrimp,Cambarus halli,a crayfish,G3G4,S3,,,,,,,,,,,
2003,Crayfish and Shrimp,Cambarus hamulatus,cave crayfish,G2G3,S2,,,,,,,,,,,
2003,Crayfish and Shrimp,Cambarus howardi,Chattahoochee crayfish,G3,S3,,,,,,,,,,,
2003,Crayfish and Shrimp,Cambarus jonesi,Alabama cave crayfish,G2,S2,,,,,,,,,,,
2003,Crayfish and Shrimp,Cambarus ludovicianus,a crayfish,G5,S2,,,,,,,,,,,
2003,Crayfish and Shrimp,Cambarus manningi,a crayfish,G4,S2,,,,,,,,,,,
2003,Crayfish and Shrimp,Cambarus miltus,rusty grave digger,G2,S1,,,,,,,,,,,
2003,Crayfish and Shrimp,Cambarus scotti,a crayfish,G3,SR,,,,,,,,,,,
2003,Crayfish and Shrimp,Cambarus unestami,a crayfish,G2,S2,,,,,,,,,,,
2003,Crayfish and Shrimp,Cambarus veitchorum,White Spring Cave crayfish,G1,S1,,,,,,,,,,,
2003,Crayfish and Shrimp,Fallicambarus burrisi,a crayfish,G3,S3,,,,,,,,,,,
2003,Crayfish and Shrimp,Fallicambarus byersi,lavender burrowing crayfish,G4,S3?,,,,,,,,,,,
2003,Crayfish and Shrimp,Fallicambarus danielae,speckled burrowing crayfish,G2,S1,,,,,,,,,,,
2003,Crayfish and Shrimp,Orconectes australis australis,a crayfish,G4T4,S3,,,,,,,,,,,
2003,Crayfish and Shrimp,Orconectes cooperi,a crayfish,G1,S1,,,,,,,,,,,
2003,Crayfish and Shrimp,Orconectes holti,a crayfish,G3,S3,,,,,,,,,,,
2003,Crayfish and Shrimp,Orconectes lancifer,a crayfish,G5,S1,,,,,,,,,,,
2003,Crayfish and Shrimp,Orconectes mirus,a crayfish,G3G4,S3S4,,,,,,,,,,,
2003,Crayfish and Shrimp,Orconectes mississippiensis,a crayfish,G2G3,S2S3,,,,,,,,,,,
2003,Crayfish and Shrimp,Orconectes sheltae,Shelta cave crayfish,G1,S1,,,,,,,,,,,
2003,Crayfish and Shrimp,Procambarus bivittatus,ribbon crayfish,G4,S3S4,,,,,,,,,,,
2003,Crayfish and Shrimp,Procambarus capillatus,a crayfish,G4,S3,,,,,,,,,,,
2003,Crayfish and Shrimp,Procambarus clemmeri,a crayfish,G5,S3,,,,,,,,,,,
2003,Crayfish and Shrimp,Procambarus escambiensis,a crayfish,G2,S2,,,,,,,,,,,
2003,Crayfish and Shrimp,Procambarus hubbelli,a crayfish,G4,S3,,,,,,,,,,,
2003,Crayfish and Shrimp,Procambarus lagniappe,lagniappe crayfish,G2,S1,,,,,,,,,,,
2003,Crayfish and Shrimp,Procambarus lecontei,Mobile crayfish,G3G4,S3,,,,,,,,,,,
2003,Crayfish and Shrimp,Procambarus lewisi,a crayfish,G4,S3,,,,,,,,,,,
2003,Crayfish and Shrimp,Procambarus marthae,a crayfish,G3,S1,,,,,,,,,,,
2003,Crayfish and Shrimp,Procambarus pecki,phantom cave crayfish,G1,S1,,,,,,,,,,,
2003,Crayfish and Shrimp,Procambarus penni,pearl blackwater crayfish,G3,S3,,,,,,,,,,,
2003,Crayfish and Shrimp,Procambarus shermani,a crayfish,G4,S3,,,,,,,,,,,
2003,Crayfish and Shrimp,Procambarus viaeviridis,a crayfish,G5,S3S4,,,,,,,,,,,
2003,Crayfish and Shrimp,Dactylocthere arcuata,a cave obligate shrimp,G1G2,S?,,,,,,,,,,,
2003,Crayfish and Shrimp,Dactylocthere steevesi,a cave obligate shrimp,G3G4,S?,,,,,,,,,,,
,,,,,,,,,,,,,,,,
,,,,,,,,,,,,,,,,